Categorie,Hobby
Sport,Football
Sport,Basket-ball
Sport,Rugby
Sport,Tennis
Sport,Tennis de table
Sport,Badminton
Sport,Volley-ball
Sport,Handball
Sport,Natation
Sport,Plongée sous-marine
Sport,Apnée
Sport,Surf
Sport,Bodyboard
Sport,Kitesurf
Sport,Planche à voile
Sport,Voile
Sport,Aviron
Sport,Canoë-kayak
Sport,Paddle
Sport,Ski alpin
Sport,Ski de fond
Sport,Snowboard
Sport,Randonnée
Sport,Trail
Sport,Course à pied
Sport,Marche nordique
Sport,Escalade
Sport,Alpinisme
Sport,Spéléologie
Sport,VTT
Sport,Cyclisme sur route
Sport,BMX
Sport,Motocross
Sport,Équitation
Sport,Golf
Sport,Skateboard
Sport,Roller
Sport,Trottinette
Sport,Parkour
Sport,Yoga
Sport,Pilates
Sport,Crossfit
Sport,Musculation
Sport,Fitness
Sport,Arts martiaux
Sport,Boxe
Sport,Judo
Sport,Karaté
Sport,Taekwondo
Sport,Aïkido
Sport,Escrime
Sport,Tir à l'arc
Sport,Paintball
Sport,Airsoft
Arts,Dessin
Arts,Peinture
Arts,Aquarelle
Arts,Illustration numérique
Arts,Calligraphie
Arts,Graffiti
Arts,Sculpture
Arts,Modelage
Arts,Céramique
Arts,Poterie
Arts,Origami
Arts,Photographie
Arts,Retouche photo
Arts,Vidéo
Arts,Montage vidéo
Arts,Cinéma amateur
Arts,Animation
Arts,Stop motion
Arts,Écriture
Arts,Poésie
Arts,Romans
Arts,Nouvelles
Arts,Scénarisation
Arts,Théâtre
Arts,Improvisation théâtrale
Arts,Danse
Arts,Danse classique
Arts,Hip-hop
Arts,Danse contemporaine
Arts,Salsa
Arts,Bachata
Arts,Kizomba
Arts,Zumba
Arts,Chant
Arts,Chorale
Arts,Beatmaking
Arts,DJing
Arts,Composition musicale
Musique,Guitare
Musique,Guitare électrique
Musique,Basse
Musique,Piano
Musique,Clavier
Musique,Synthétiseur
Musique,Batterie
Musique,Percussions
Musique,Violon
Musique,Alto
Musique,Violoncelle
Musique,Contrebasse
Musique,Flûte
Musique,Clarinette
Musique,Saxophone
Musique,Trompette
Musique,Trombone
Musique,Cor
Musique,Accordéon
Musique,Harmonica
Musique,Ukulélé
Musique,MAO
Musique,Sound design
Intellectuel,Lecture
Intellectuel,Écriture de journal
Intellectuel,Échecs
Intellectuel,Dames
Intellectuel,Jeux de stratégie
Intellectuel,Jeux de rôle
Intellectuel,Jeux de société
Intellectuel,Sudoku
Intellectuel,Mots croisés
Intellectuel,Casse-têtes
Intellectuel,Puzzles
Intellectuel,Apprentissage des langues
Intellectuel,Linguistique
Intellectuel,Philosophie
Intellectuel,Psychologie
Intellectuel,Histoire
Intellectuel,Généalogie
Intellectuel,Astronomie
Intellectuel,Astrophotographie
Intellectuel,Observation des étoiles
Intellectuel,Sciences
Intellectuel,Programmation
Intellectuel,Développement web
Intellectuel,Cybersécurité
Intellectuel,Intelligence artificielle
Jeux,Jeux vidéo
Jeux,Jeux rétro
Jeux,Jeux mobiles
Jeux,Esport
Jeux,Streaming
Jeux,Speedrun
Jeux,Création de jeux
Jeux,Modding
Jeux,Réalité virtuelle
Jeux,Réalité augmentée
Nature,Jardinage
Nature,Potager
Nature,Permaculture
Nature,Plantes d'intérieur
Nature,Bonsaï
Nature,Aquariophilie
Nature,Terrariophilie
Nature,Apiculture
Nature,Ornithologie
Nature,Observation de la faune
Nature,Photographie animalière
Nature,Botanique
Nature,Mycologie
Nature,Randonnée nature
Nature,Bushcraft
Nature,Survie
Cuisine,Cuisine
Cuisine,Pâtisserie
Cuisine,Boulangerie
Cuisine,Cuisine du monde
Cuisine,Vegan
Cuisine,Barbecue
Cuisine,Cuisine moléculaire
Cuisine,Fermentation
Cuisine,Brassage de bière
Cuisine,Œnologie
Cuisine,Cocktails
Artisanat,Bricolage
Artisanat,Menuiserie
Artisanat,Ébénisterie
Artisanat,Métallerie
Artisanat,Couture
Artisanat,Broderie
Artisanat,Tricot
Artisanat,Crochet
Artisanat,Macramé
Artisanat,Tissage
Artisanat,Maroquinerie
Artisanat,Reliure
Artisanat,Impression 3D
Artisanat,Électronique
Artisanat,Robotique
Collection,Collection de timbres
Collection,Collection de pièces
Collection,Figurines
Collection,Cartes à collectionner
Collection,Vinyles
Collection,BD
Collection,Mangas
Collection,Sneakers
Lifestyle,Voyage
Lifestyle,Van life
Lifestyle,Camping
Lifestyle,Minimalisme
Lifestyle,Décoration intérieure
Lifestyle,DIY
Lifestyle,Organisation
Lifestyle,Bullet journal
Lifestyle,Méditation
Lifestyle,Développement personnel
